Workbook

Sheet Switch Matrix
A2: Enclosure 1 heat analysis
A3: Enclosure name | B3: Switch Matrix | D3: CFM
A4: Known heat subtotal (W) | B4: =SUM(F11:F70) -> 19.37112
A5: Total status | B5: =IF(COUNTA(A11:A70)=0,"No components",IF(E4>0,"Incomplete","Calculated; review basis")) -> Calculated; review basis
A7: 1. Select a component in column A. 2. Enter quantity in B. 3. Review the heat basis in I.
A8: Optional: enter actual W/unit in D. Blank uses the catalog; zero is a valid override. Amber = editable.
A9: 60 rows per enclosure. Duplicate this tab for another enclosure; add a link on Summary if needed.
A10: Component / operating case | B10: Quantity | C10: Catalog W/unit | D10: Override W/unit | E10: Applied W/unit | F10: Total heat W | G10: Row status | I10: Basis / notes
A11: TTL-1SP8T-183 | B11: 8 | C11: =IF(A11="","",IF(COUNTIF(Components!$A$8:$A$107,A11)<>1,"Pending",VLOOKUP(A11,Components!$A$8:$F$107,5,FALSE))) -> 1.125 | E11: =IF(A11="","",IF(ISBLANK(D11),C11,IF(AND(ISNUMBER(D11),D11>=0),D11,"Pending"))) -> 1.125 | F11: =IF(OR(G11="Catalog basis",G11="Override used"),B11*E11,"") -> 9 | G11: =IF(A11="",IF(OR(NOT(ISBLANK(B11)),NOT(ISBLANK(D11))),"Needs component",""),IF(COUNTIF(Components!$A$8:$A$107,A11)<>1,"Invalid component",IF(ISBLANK(B11),"Needs quantity",IF(NOT(ISNUMBER(B11)),"Invalid quantity",IF(OR(B11<0,B11<>INT(B11)),"Invalid quantity",IF(NOT(ISNUMBER(E11)),"Needs heat input",IF(NOT(ISBLANK(D11)),"Override used","Catalog basis"))))))) -> Catalog basis | I11: =IF(A11="","",IF(COUNTIF(Components!$A$8:$A$107,A11)<>1,"Select a unique catalog component",VLOOKUP(A11,Components!$A$8:$F$107,6,FALSE))) -> Nominal +/-5 V x 200/25 mA maximum currents. RF loss and isolated-port dissipation not included.
A12: BW-S0.5W2+ | B12: 8 | C12: =IF(A12="","",IF(COUNTIF(Components!$A$8:$A$107,A12)<>1,"Pending",VLOOKUP(A12,Components!$A$8:$F$107,5,FALSE))) -> 0.33648 | E12: =IF(A12="","",IF(ISBLANK(D12),C12,IF(AND(ISNUMBER(D12),D12>=0),D12,"Pending"))) -> 0.33648 | F12: =IF(OR(G12="Catalog basis",G12="Override used"),B12*E12,"") -> 2.69184 | G12: =IF(A12="",IF(OR(NOT(ISBLANK(B12)),NOT(ISBLANK(D12))),"Needs component",""),IF(COUNTIF(Components!$A$8:$A$107,A12)<>1,"Invalid component",IF(ISBLANK(B12),"Needs quantity",IF(NOT(ISNUMBER(B12)),"Invalid quantity",IF(OR(B12<0,B12<>INT(B12)),"Invalid quantity",IF(NOT(ISNUMBER(E12)),"Needs heat input",IF(NOT(ISBLANK(D12)),"Override used","Catalog basis"))))))) -> Catalog basis | I12: =IF(A12="","",IF(COUNTIF(Components!$A$8:$A$107,A12)<>1,"Select a unique catalog component",VLOOKUP(A12,Components!$A$8:$F$107,6,FALSE))) -> Enter component description in Notes and verified heat in Override W/unit.
A13: RFLT8WDC40G | B13: 8 | C13: =IF(A13="","",IF(COUNTIF(Components!$A$8:$A$107,A13)<>1,"Pending",VLOOKUP(A13,Components!$A$8:$F$107,5,FALSE))) -> 0.95991 | E13: =IF(A13="","",IF(ISBLANK(D13),C13,IF(AND(ISNUMBER(D13),D13>=0),D13,"Pending"))) -> 0.95991 | F13: =IF(OR(G13="Catalog basis",G13="Override used"),B13*E13,"") -> 7.67928 | G13: =IF(A13="",IF(OR(NOT(ISBLANK(B13)),NOT(ISBLANK(D13))),"Needs component",""),IF(COUNTIF(Components!$A$8:$A$107,A13)<>1,"Invalid component",IF(ISBLANK(B13),"Needs quantity",IF(NOT(ISNUMBER(B13)),"Invalid quantity",IF(OR(B13<0,B13<>INT(B13)),"Invalid quantity",IF(NOT(ISNUMBER(E13)),"Needs heat input",IF(NOT(ISBLANK(D13)),"Override used","Catalog basis"))))))) -> Catalog basis | I13: =IF(A13="","",IF(COUNTIF(Components!$A$8:$A$107,A13)<>1,"Select a unique catalog component",VLOOKUP(A13,Components!$A$8:$F$107,6,FALSE))) -> 0
C14: =IF(A14="","",IF(COUNTIF(Components!$A$8:$A$107,A14)<>1,"Pending",VLOOKUP(A14,Components!$A$8:$F$107,5,FALSE))) | E14: =IF(A14="","",IF(ISBLANK(D14),C14,IF(AND(ISNUMBER(D14),D14>=0),D14,"Pending"))) | F14: =IF(OR(G14="Catalog basis",G14="Override used"),B14*E14,"") | G14: =IF(A14="",IF(OR(NOT(ISBLANK(B14)),NOT(ISBLANK(D14))),"Needs component",""),IF(COUNTIF(Components!$A$8:$A$107,A14)<>1,"Invalid component",IF(ISBLANK(B14),"Needs quantity",IF(NOT(ISNUMBER(B14)),"Invalid quantity",IF(OR(B14<0,B14<>INT(B14)),"Invalid quantity",IF(NOT(ISNUMBER(E14)),"Needs heat input",IF(NOT(ISBLANK(D14)),"Override used","Catalog basis"))))))) | I14: =IF(A14="","",IF(COUNTIF(Components!$A$8:$A$107,A14)<>1,"Select a unique catalog component",VLOOKUP(A14,Components!$A$8:$F$107,6,FALSE)))
C15: =IF(A15="","",IF(COUNTIF(Components!$A$8:$A$107,A15)<>1,"Pending",VLOOKUP(A15,Components!$A$8:$F$107,5,FALSE))) | E15: =IF(A15="","",IF(ISBLANK(D15),C15,IF(AND(ISNUMBER(D15),D15>=0),D15,"Pending"))) | F15: =IF(OR(G15="Catalog basis",G15="Override used"),B15*E15,"") | G15: =IF(A15="",IF(OR(NOT(ISBLANK(B15)),NOT(ISBLANK(D15))),"Needs component",""),IF(COUNTIF(Components!$A$8:$A$107,A15)<>1,"Invalid component",IF(ISBLANK(B15),"Needs quantity",IF(NOT(ISNUMBER(B15)),"Invalid quantity",IF(OR(B15<0,B15<>INT(B15)),"Invalid quantity",IF(NOT(ISNUMBER(E15)),"Needs heat input",IF(NOT(ISBLANK(D15)),"Override used","Catalog basis"))))))) | I15: =IF(A15="","",IF(COUNTIF(Components!$A$8:$A$107,A15)<>1,"Select a unique catalog component",VLOOKUP(A15,Components!$A$8:$F$107,6,FALSE)))
C16: =IF(A16="","",IF(COUNTIF(Components!$A$8:$A$107,A16)<>1,"Pending",VLOOKUP(A16,Components!$A$8:$F$107,5,FALSE))) | E16: =IF(A16="","",IF(ISBLANK(D16),C16,IF(AND(ISNUMBER(D16),D16>=0),D16,"Pending"))) | F16: =IF(OR(G16="Catalog basis",G16="Override used"),B16*E16,"") | G16: =IF(A16="",IF(OR(NOT(ISBLANK(B16)),NOT(ISBLANK(D16))),"Needs component",""),IF(COUNTIF(Components!$A$8:$A$107,A16)<>1,"Invalid component",IF(ISBLANK(B16),"Needs quantity",IF(NOT(ISNUMBER(B16)),"Invalid quantity",IF(OR(B16<0,B16<>INT(B16)),"Invalid quantity",IF(NOT(ISNUMBER(E16)),"Needs heat input",IF(NOT(ISBLANK(D16)),"Override used","Catalog basis"))))))) | I16: =IF(A16="","",IF(COUNTIF(Components!$A$8:$A$107,A16)<>1,"Select a unique catalog component",VLOOKUP(A16,Components!$A$8:$F$107,6,FALSE)))
C17: =IF(A17="","",IF(COUNTIF(Components!$A$8:$A$107,A17)<>1,"Pending",VLOOKUP(A17,Components!$A$8:$F$107,5,FALSE))) | E17: =IF(A17="","",IF(ISBLANK(D17),C17,IF(AND(ISNUMBER(D17),D17>=0),D17,"Pending"))) | F17: =IF(OR(G17="Catalog basis",G17="Override used"),B17*E17,"") | G17: =IF(A17="",IF(OR(NOT(ISBLANK(B17)),NOT(ISBLANK(D17))),"Needs component",""),IF(COUNTIF(Components!$A$8:$A$107,A17)<>1,"Invalid component",IF(ISBLANK(B17),"Needs quantity",IF(NOT(ISNUMBER(B17)),"Invalid quantity",IF(OR(B17<0,B17<>INT(B17)),"Invalid quantity",IF(NOT(ISNUMBER(E17)),"Needs heat input",IF(NOT(ISBLANK(D17)),"Override used","Catalog basis"))))))) | I17: =IF(A17="","",IF(COUNTIF(Components!$A$8:$A$107,A17)<>1,"Select a unique catalog component",VLOOKUP(A17,Components!$A$8:$F$107,6,FALSE)))
C18: =IF(A18="","",IF(COUNTIF(Components!$A$8:$A$107,A18)<>1,"Pending",VLOOKUP(A18,Components!$A$8:$F$107,5,FALSE))) | E18: =IF(A18="","",IF(ISBLANK(D18),C18,IF(AND(ISNUMBER(D18),D18>=0),D18,"Pending"))) | F18: =IF(OR(G18="Catalog basis",G18="Override used"),B18*E18,"") | G18: =IF(A18="",IF(OR(NOT(ISBLANK(B18)),NOT(ISBLANK(D18))),"Needs component",""),IF(COUNTIF(Components!$A$8:$A$107,A18)<>1,"Invalid component",IF(ISBLANK(B18),"Needs quantity",IF(NOT(ISNUMBER(B18)),"Invalid quantity",IF(OR(B18<0,B18<>INT(B18)),"Invalid quantity",IF(NOT(ISNUMBER(E18)),"Needs heat input",IF(NOT(ISBLANK(D18)),"Override used","Catalog basis"))))))) | I18: =IF(A18="","",IF(COUNTIF(Components!$A$8:$A$107,A18)<>1,"Select a unique catalog component",VLOOKUP(A18,Components!$A$8:$F$107,6,FALSE)))
C19: =IF(A19="","",IF(COUNTIF(Components!$A$8:$A$107,A19)<>1,"Pending",VLOOKUP(A19,Components!$A$8:$F$107,5,FALSE))) | E19: =IF(A19="","",IF(ISBLANK(D19),C19,IF(AND(ISNUMBER(D19),D19>=0),D19,"Pending"))) | F19: =IF(OR(G19="Catalog basis",G19="Override used"),B19*E19,"") | G19: =IF(A19="",IF(OR(NOT(ISBLANK(B19)),NOT(ISBLANK(D19))),"Needs component",""),IF(COUNTIF(Components!$A$8:$A$107,A19)<>1,"Invalid component",IF(ISBLANK(B19),"Needs quantity",IF(NOT(ISNUMBER(B19)),"Invalid quantity",IF(OR(B19<0,B19<>INT(B19)),"Invalid quantity",IF(NOT(ISNUMBER(E19)),"Needs heat input",IF(NOT(ISBLANK(D19)),"Override used","Catalog basis"))))))) | I19: =IF(A19="","",IF(COUNTIF(Components!$A$8:$A$107,A19)<>1,"Select a unique catalog component",VLOOKUP(A19,Components!$A$8:$F$107,6,FALSE)))
C20: =IF(A20="","",IF(COUNTIF(Components!$A$8:$A$107,A20)<>1,"Pending",VLOOKUP(A20,Components!$A$8:$F$107,5,FALSE))) | E20: =IF(A20="","",IF(ISBLANK(D20),C20,IF(AND(ISNUMBER(D20),D20>=0),D20,"Pending"))) | F20: =IF(OR(G20="Catalog basis",G20="Override used"),B20*E20,"") | G20: =IF(A20="",IF(OR(NOT(ISBLANK(B20)),NOT(ISBLANK(D20))),"Needs component",""),IF(COUNTIF(Components!$A$8:$A$107,A20)<>1,"Invalid component",IF(ISBLANK(B20),"Needs quantity",IF(NOT(ISNUMBER(B20)),"Invalid quantity",IF(OR(B20<0,B20<>INT(B20)),"Invalid quantity",IF(NOT(ISNUMBER(E20)),"Needs heat input",IF(NOT(ISBLANK(D20)),"Override used","Catalog basis"))))))) | I20: =IF(A20="","",IF(COUNTIF(Components!$A$8:$A$107,A20)<>1,"Select a unique catalog component",VLOOKUP(A20,Components!$A$8:$F$107,6,FALSE)))
C21: =IF(A21="","",IF(COUNTIF(Components!$A$8:$A$107,A21)<>1,"Pending",VLOOKUP(A21,Components!$A$8:$F$107,5,FALSE))) | E21: =IF(A21="","",IF(ISBLANK(D21),C21,IF(AND(ISNUMBER(D21),D21>=0),D21,"Pending"))) | F21: =IF(OR(G21="Catalog basis",G21="Override used"),B21*E21,"") | G21: =IF(A21="",IF(OR(NOT(ISBLANK(B21)),NOT(ISBLANK(D21))),"Needs component",""),IF(COUNTIF(Components!$A$8:$A$107,A21)<>1,"Invalid component",IF(ISBLANK(B21),"Needs quantity",IF(NOT(ISNUMBER(B21)),"Invalid quantity",IF(OR(B21<0,B21<>INT(B21)),"Invalid quantity",IF(NOT(ISNUMBER(E21)),"Needs heat input",IF(NOT(ISBLANK(D21)),"Override used","Catalog basis"))))))) | I21: =IF(A21="","",IF(COUNTIF(Components!$A$8:$A$107,A21)<>1,"Select a unique catalog component",VLOOKUP(A21,Components!$A$8:$F$107,6,FALSE)))
C22: =IF(A22="","",IF(COUNTIF(Components!$A$8:$A$107,A22)<>1,"Pending",VLOOKUP(A22,Components!$A$8:$F$107,5,FALSE))) | E22: =IF(A22="","",IF(ISBLANK(D22),C22,IF(AND(ISNUMBER(D22),D22>=0),D22,"Pending"))) | F22: =IF(OR(G22="Catalog basis",G22="Override used"),B22*E22,"") | G22: =IF(A22="",IF(OR(NOT(ISBLANK(B22)),NOT(ISBLANK(D22))),"Needs component",""),IF(COUNTIF(Components!$A$8:$A$107,A22)<>1,"Invalid component",IF(ISBLANK(B22),"Needs quantity",IF(NOT(ISNUMBER(B22)),"Invalid quantity",IF(OR(B22<0,B22<>INT(B22)),"Invalid quantity",IF(NOT(ISNUMBER(E22)),"Needs heat input",IF(NOT(ISBLANK(D22)),"Override used","Catalog basis"))))))) | I22: =IF(A22="","",IF(COUNTIF(Components!$A$8:$A$107,A22)<>1,"Select a unique catalog component",VLOOKUP(A22,Components!$A$8:$F$107,6,FALSE)))
C23: =IF(A23="","",IF(COUNTIF(Components!$A$8:$A$107,A23)<>1,"Pending",VLOOKUP(A23,Components!$A$8:$F$107,5,FALSE))) | E23: =IF(A23="","",IF(ISBLANK(D23),C23,IF(AND(ISNUMBER(D23),D23>=0),D23,"Pending"))) | F23: =IF(OR(G23="Catalog basis",G23="Override used"),B23*E23,"") | G23: =IF(A23="",IF(OR(NOT(ISBLANK(B23)),NOT(ISBLANK(D23))),"Needs component",""),IF(COUNTIF(Components!$A$8:$A$107,A23)<>1,"Invalid component",IF(ISBLANK(B23),"Needs quantity",IF(NOT(ISNUMBER(B23)),"Invalid quantity",IF(OR(B23<0,B23<>INT(B23)),"Invalid quantity",IF(NOT(ISNUMBER(E23)),"Needs heat input",IF(NOT(ISBLANK(D23)),"Override used","Catalog basis"))))))) | I23: =IF(A23="","",IF(COUNTIF(Components!$A$8:$A$107,A23)<>1,"Select a unique catalog component",VLOOKUP(A23,Components!$A$8:$F$107,6,FALSE)))
C24: =IF(A24="","",IF(COUNTIF(Components!$A$8:$A$107,A24)<>1,"Pending",VLOOKUP(A24,Components!$A$8:$F$107,5,FALSE))) | E24: =IF(A24="","",IF(ISBLANK(D24),C24,IF(AND(ISNUMBER(D24),D24>=0),D24,"Pending"))) | F24: =IF(OR(G24="Catalog basis",G24="Override used"),B24*E24,"") | G24: =IF(A24="",IF(OR(NOT(ISBLANK(B24)),NOT(ISBLANK(D24))),"Needs component",""),IF(COUNTIF(Components!$A$8:$A$107,A24)<>1,"Invalid component",IF(ISBLANK(B24),"Needs quantity",IF(NOT(ISNUMBER(B24)),"Invalid quantity",IF(OR(B24<0,B24<>INT(B24)),"Invalid quantity",IF(NOT(ISNUMBER(E24)),"Needs heat input",IF(NOT(ISBLANK(D24)),"Override used","Catalog basis"))))))) | I24: =IF(A24="","",IF(COUNTIF(Components!$A$8:$A$107,A24)<>1,"Select a unique catalog component",VLOOKUP(A24,Components!$A$8:$F$107,6,FALSE)))
C25: =IF(A25="","",IF(COUNTIF(Components!$A$8:$A$107,A25)<>1,"Pending",VLOOKUP(A25,Components!$A$8:$F$107,5,FALSE))) | E25: =IF(A25="","",IF(ISBLANK(D25),C25,IF(AND(ISNUMBER(D25),D25>=0),D25,"Pending"))) | F25: =IF(OR(G25="Catalog basis",G25="Override used"),B25*E25,"") | G25: =IF(A25="",IF(OR(NOT(ISBLANK(B25)),NOT(ISBLANK(D25))),"Needs component",""),IF(COUNTIF(Components!$A$8:$A$107,A25)<>1,"Invalid component",IF(ISBLANK(B25),"Needs quantity",IF(NOT(ISNUMBER(B25)),"Invalid quantity",IF(OR(B25<0,B25<>INT(B25)),"Invalid quantity",IF(NOT(ISNUMBER(E25)),"Needs heat input",IF(NOT(ISBLANK(D25)),"Override used","Catalog basis"))))))) | I25: =IF(A25="","",IF(COUNTIF(Components!$A$8:$A$107,A25)<>1,"Select a unique catalog component",VLOOKUP(A25,Components!$A$8:$F$107,6,FALSE)))
... C70: =IF(A70="","",IF(COUNTIF(Components!$A$8:$A$107,A70)<>1,"Pending",VLOOKUP(A70,Components!$A$8:$F$107,5,FALSE))) | E70: =IF(A70="","",IF(ISBLANK(D70),C70,IF(AND(ISNUMBER(D70),D70>=0),D70,"Pending"))) | F70: =IF(OR(G70="Catalog basis",G70="Override used"),B70*E70,"") | G70: =IF(A70="",IF(OR(NOT(ISBLANK(B70)),NOT(ISBLANK(D70))),"Needs component",""),IF(COUNTIF(Components!$A$8:$A$107,A70)<>1,"Invalid component",IF(ISBLANK(B70),"Needs quantity",IF(NOT(ISNUMBER(B70)),"Invalid quantity",IF(OR(B70<0,B70<>INT(B70)),"Invalid quantity",IF(NOT(ISNUMBER(E70)),"Needs heat input",IF(NOT(ISBLANK(D70)),"Override used","Catalog basis"))))))) | I70: =IF(A70="","",IF(COUNTIF(Components!$A$8:$A$107,A70)<>1,"Select a unique catalog component",VLOOKUP(A70,Components!$A$8:$F$107,6,FALSE)))

Sheet Components
A2: Component heat catalog
A3: Amber cells are editable. Per-unit heat = DC heat + reference RF input x heat fraction.
A4: RF reference powers are examples or rated inputs, NOT verified system operating powers. Review before fan sizing.
A5: Add new unique part names in rows 8-107. Enclosure lists and lookups already cover these rows.
A7: Component / operating case | B7: DC heat W/unit | C7: Reference RF W/unit | D7: RF heat fraction | E7: Heat W/unit | F7: Basis / limitations | H7: Source
A8: MSP2TA-18-12+ (energized) | B8: 5.16 | C8: 0 | D8: 0.108749 | E8: =IF(A8="","",IF(COUNT(B8:D8)<3,"Pending",B8+C8*D8)) -> 5.16 | F8: 12 V x 0.430 A; continuously energized. RF default 0 W; add through-path RF and absorbed isolated-port power if significant. | H8: MSP2TA-18-12+.pdf, p.2; 0.5 dB maximum through loss
A9: MSP2TA-18-12+ (de-energized) | B9: 0 | C9: 0 | D9: 0.108749 | E9: =IF(A9="","",IF(COUNT(B9:D9)<3,"Pending",B9+C9*D9)) -> 0 | F9: Coil off. RF default 0 W; add RF loss / internal termination heat as applicable. | H9: MSP2TA-18-12+.pdf, p.2
A10: ZFL-1000+ | B10: 1.575 | C10: 0 | D10: 0 | E10: =IF(A10="","",IF(COUNT(B10:D10)<3,"Pending",B10+C10*D10)) -> 1.575 | F10: 15 V x 105 mA DC budget; RF output subtraction neglected. | H10: ZFL-1000+.pdf, p.1
A11: ZVA-443X+ | B11: 0.75 | C11: 0 | D11: 0 | E11: =IF(A11="","",IF(COUNT(B11:D11)<3,"Pending",B11+C11*D11)) -> 0.75 | F11: 5 V x 150 mA maximum current; DC heat budget, RF output subtraction neglected. | H11: ZVA-443X+.pdf, p.2
A12: ZX76-31A-PNS+ | B12: 0.010944 | C12: 0.25118864 | D12: 1 | E12: =IF(A12="","",IF(COUNT(B12:D12)<3,"Pending",B12+C12*D12)) -> 0.26213264 | F12: Maximum supply voltages/currents; assumes all +24 dBm RF input absorbed at high attenuation. Control-driver heat separate. | H12: ZX76-31A-PNS+.pdf, pp.2-3
A13: TTL-1SP8T-183 | B13: 1.125 | C13: 0 | D13: 0 | E13: =IF(A13="","",IF(COUNT(B13:D13)<3,"Pending",B13+C13*D13)) -> 1.125 | F13: Nominal +/-5 V x 200/25 mA maximum currents. RF loss and isolated-port dissipation not included. | H13: TTL-1SP8T-183.pdf, p.3
A14: ANNE-50+ | B14: 0 | C14: 1 | D14: 1 | E14: =IF(A14="","",IF(COUNT(B14:D14)<3,"Pending",B14+C14*D14)) -> 1 | F14: Assumes 1 W RF fully absorbed; check temperature derating (0.35 W rating at 100 C). | H14: ANNE-50+.pdf, p.1
A15: ZUDC10-5R23-S+ | B15: 0 | C15: 1 | D15: 0.18716948 | E15: =IF(A15="","",IF(COUNT(B15:D15)<3,"Pending",B15+C15*D15)) -> 0.18716948 | F15: 1 W RF example, 0.9 dB mainline loss. Upper estimate: coupled/reflected output is not internal heat. | H15: ZUDC10-5R23-S+.pdf, electrical specifications
A16: ZVDC-20-0123+ | B16: 0 | C16: 1 | D16: 0.20567177 | E16: =IF(A16="","",IF(COUNT(B16:D16)<3,"Pending",B16+C16*D16)) -> 0.20567177 | F16: 1 W RF example, 1.0 dB mainline loss. Upper estimate: coupled/reflected output is not internal heat. | H16: ZVDC-20-0123+.pdf, electrical specifications
A17: ZFDC-20-5+ | B17: 0 | C17: 1 | D17: 0.27556404 | E17: =IF(A17="","",IF(COUNT(B17:D17)<3,"Pending",B17+C17*D17)) -> 0.27556404 | F17: 1 W RF example, mid-band 1.4 dB maximum mainline loss. Check actual band / input power limit. Coupled power included in bound. | H17: ZFDC-20-5+.pdf, electrical specifications
A18: CS18SR5 | B18: 0 | C18: 1 | D18: 0.55225577 | E18: =IF(A18="","",IF(COUNT(B18:D18)<3,"Pending",B18+C18*D18)) -> 0.55225577 | F18: 1 W RF example; both matched outputs; 6.5 dB loss to EACH output. Reflected input included in conservative bound. | H18: CS18SR5.pdf, electrical table (previously reviewed)
A19: CS0520S | B19: 0 | C19: 1 | D19: 0.10874906 | E19: =IF(A19="","",IF(COUNT(B19:D19)<3,"Pending",B19+C19*D19)) -> 0.10874906 | F19: 1 W RF example; 0.5 dB interpreted as excess loss over ideal split. Confirm manufacturer definition. Matched outputs. | H19: CS0520S(1).pdf, electrical table (previously reviewed)
... A26: PS-D000-2S | B26: 0 | C26: 20 | D26: 0.077428573 | E26: =IF(A26="","",IF(COUNT(B26:D26)<3,"Pending",B26+C26*D26)) -> 1.5485715 | F26: 20 W input example at rated power; matched-load estimate using 0.35 dB excess loss. | H26: PS-D000-2S(1).pdf, p.1 (previously reviewed)
A27: TPD00180A8 | E27: =IF(A27="","",IF(COUNT(B27:D27)<3,"Pending",B27+C27*D27)) -> Pending | F27: Pending: insertion-loss wording inconsistent; enter verified heat override. | H27: TPD00180A8 datasheet; earlier review
A28: ZX10R-2-183-S+ | E28: =IF(A28="","",IF(COUNT(B28:D28)<3,"Pending",B28+C28*D28)) -> Pending | F28: Pending: actual splitter/combiner operating powers needed. 0.6 W dissipation rating is a limit, not operating heat. | H28: ZX10R-2-183-S+.pdf; earlier review
A29: 50P-2101 | E29: =IF(A29="","",IF(COUNT(B29:D29)<3,"Pending",B29+C29*D29)) -> Pending | F29: Pending verification of datasheet; use a verified per-unit override. | H29: Prior discussion; datasheet not available in this batch
A30: BW-S0.5W2+ | B30: 0 | C30: 2 | D30: 0.16824 | E30: =IF(A30="","",IF(COUNT(B30:D30)<3,"Pending",B30+C30*D30)) -> 0.33648 | F30: Enter component description in Notes and verified heat in Override W/unit. | H30: User input
A31: RFLT8WDC40G | B31: 0 | C31: 1 | D31: 0.95991 | E31: =IF(A31="","",IF(COUNT(B31:D31)<3,"Pending",B31+C31*D31)) -> 0.95991
E32: =IF(A32="","",IF(COUNT(B32:D32)<3,"Pending",B32+C32*D32))
E33: =IF(A33="","",IF(COUNT(B33:D33)<3,"Pending",B33+C33*D33))
E34: =IF(A34="","",IF(COUNT(B34:D34)<3,"Pending",B34+C34*D34))
E35: =IF(A35="","",IF(COUNT(B35:D35)<3,"Pending",B35+C35*D35))
E36: =IF(A36="","",IF(COUNT(B36:D36)<3,"Pending",B36+C36*D36))
E37: =IF(A37="","",IF(COUNT(B37:D37)<3,"Pending",B37+C37*D37))
E38: =IF(A38="","",IF(COUNT(B38:D38)<3,"Pending",B38+C38*D38))
E39: =IF(A39="","",IF(COUNT(B39:D39)<3,"Pending",B39+C39*D39))
E40: =IF(A40="","",IF(COUNT(B40:D40)<3,"Pending",B40+C40*D40))
E41: =IF(A41="","",IF(COUNT(B41:D41)<3,"Pending",B41+C41*D41))
E42: =IF(A42="","",IF(COUNT(B42:D42)<3,"Pending",B42+C42*D42))
E43: =IF(A43="","",IF(COUNT(B43:D43)<3,"Pending",B43+C43*D43))
... E107: =IF(A107="","",IF(COUNT(B107:D107)<3,"Pending",B107+C107*D107))
